legacy	target	kind
cards-service	cards	merge
code-domain	code	merge
domains-domain	domains	merge
heralds-domain	heralds	merge
integrations-domain	integrations	merge
knowledge-domain	knowledge	merge
messages-domain	messages	merge
pipelines-domain	pipelines	merge
roles-domain	roles	merge
services-domain	services	merge
skills-service	skills	merge
spine-service	spine	merge
streams-domain	streams	merge
tests-domain	tests	merge
version-control-domain	version-control	merge
loom-principles	principles	merge
loom-decisions	decisions	merge
loom-policies	policies	merge
loom-practices	practices	merge
loom-rcas	rcas	merge
blog-domain	blog	rename
books-domain	books	rename
documents-domain	documents	rename
gates-service	gates	rename
infrastructure-domain	infrastructure	merge
music-domain	music	rename
notes-domain	notes	rename
observability-domain	observability	rename
people-domain	people	rename
photos-domain	photos	rename
property-domain	property	rename
seeds-domain	seeds	rename
sexuality-domain	sexuality	rename
social-domain	social	rename
stories-domain	stories	rename
time-domain	time	merge
video-domain	video	rename
loom-analytics	analytics	merge
loom-metrics	metrics	merge
