# #4431 draft, Wren 2026-10-05 23:1x: proposed eventCategory per event type, for Jeff's review. lines_24h from Loki.
name	registered	lines_24h	proposed_category	rule
owl.write	NO	10306	diagnostic	store-write audit
system.heartbeat	NO	8379	diagnostic	heartbeat
security.envelope.attempt	NO	6039	diagnostic	per-request auth trace
security.envelope.allowed	NO	5343	diagnostic	per-request auth trace
model.write	NO	5228	diagnostic	store-write audit
model.add-batch	NO	4565	diagnostic	store-write audit
hook.decision	yes	3600	diagnostic	hook decision
agent.action	NO	2631	diagnostic	per-turn trace
clearing.probe.passed	NO	1432	diagnostic	probe
messages.projected	NO	1409	diagnostic	projection run
model.delete	NO	1399	diagnostic	store-write audit
search.query.executed	yes	1280	diagnostic	query trace
crawler.domain.indexed	NO	1269	diagnostic	indexer progress
observer.digest	yes	1058	diagnostic	observer digest
agent.turn.ended	NO	1009	diagnostic	per-turn trace
model.write.permitted	NO	725	diagnostic	store-write audit
security.envelope.refused	NO	696	diagnostic	per-request auth trace
heartbeat.probe	NO	694	diagnostic	heartbeat
werk.phase	NO	597	fact	default: a principal did something to a model thing
context.inject.chorus.raw	NO	554	diagnostic	context injection
context.inject.request	NO	434	diagnostic	context injection
test.suite.result	yes	433	fact	default: a principal did something to a model thing
context.inject.injected	NO	422	diagnostic	context injection
context.inject.response	NO	422	diagnostic	context injection
testresult.posted	yes	422	fact	default: a principal did something to a model thing
testresult.writeback.completed	yes	422	diagnostic	write trace
pair.heartbeat.silence	NO	320	diagnostic	heartbeat
build.artifact.hashed	yes	313	diagnostic	build trace
ops.health.deep_check_failed	NO	278	diagnostic	health check
context.inject.force.verdict	NO	255	diagnostic	context injection
manifest.entry.added	yes	250	diagnostic	build trace
reply.emitted	NO	250	diagnostic	delivery trace
reply.published	NO	249	fact	default: a principal did something to a model thing
reply.rendered	NO	241	diagnostic	delivery trace
mcp.transport.error	NO	217	diagnostic	error log
health.bedroom.ok	NO	144	diagnostic	health check
mcp.tool.error	NO	144	diagnostic	error log
nudge.surfaced	NO	134	fact	default: a principal did something to a model thing
reply.delivery.gap	NO	128	fact	default: a principal did something to a model thing
pair.navigator.stall	NO	126	diagnostic	monitor trace
membrane.violation	yes	121	fact	default: a principal did something to a model thing
chorus.health	NO	102	fact	default: a principal did something to a model thing
nudge.emitted	NO	95	fact	default: a principal did something to a model thing
nudge.requested	NO	95	fact	default: a principal did something to a model thing
terminal.announced	NO	94	fact	default: a principal did something to a model thing
system.service.down	NO	92	fact	default: a principal did something to a model thing
ops.agent.completed	yes	91	fact	default: a principal did something to a model thing
binary.deployed	NO	80	fact	default: a principal did something to a model thing
jeff.input.delivered	NO	80	fact	default: a principal did something to a model thing
jeff.input.surfaced	NO	80	fact	default: a principal did something to a model thing
interaction.pattern.detected	NO	79	fact	default: a principal did something to a model thing
stop.gate.yielded	NO	75	fact	default: a principal did something to a model thing
env.up.smoked	yes	66	fact	default: a principal did something to a model thing
build.test.completed	yes	61	fact	default: a principal did something to a model thing
commit.started	yes	54	fact	default: a principal did something to a model thing
commit.completed	yes	52	fact	default: a principal did something to a model thing
	NO	49	fact	default: a principal did something to a model thing
eventloop.blocked	NO	45	diagnostic	runtime health
demo.gate.result	yes	40	fact	default: a principal did something to a model thing
guard.rule.decided	yes	40	fact	default: a principal did something to a model thing
model.seed.posted	yes	38	fact	default: a principal did something to a model thing
env.down.stopped	yes	36	fact	default: a principal did something to a model thing
model.refused	NO	34	diagnostic	store-write audit
card.demo.started	yes	28	fact	default: a principal did something to a model thing
push.started	yes	28	fact	default: a principal did something to a model thing
model.retirement.executed	yes	24	fact	default: a principal did something to a model thing
model.seed	NO	24	fact	default: a principal did something to a model thing
demo.presented	yes	22	fact	default: a principal did something to a model thing
push.completed	yes	22	fact	default: a principal did something to a model thing
search.watermarks.slow	NO	21	fact	default: a principal did something to a model thing
card.item.commented	yes	20	fact	default: a principal did something to a model thing
demo.test_result	yes	19	fact	default: a principal did something to a model thing
model.retirement.skipped	NO	17	fact	default: a principal did something to a model thing
demo.gather.replied	yes	16	fact	default: a principal did something to a model thing
test.completed	yes	16	fact	default: a principal did something to a model thing
test.execution.completed	yes	16	fact	default: a principal did something to a model thing
test.started	yes	16	fact	default: a principal did something to a model thing
testsuiterun.posted	yes	16	fact	default: a principal did something to a model thing
word.cap.blocked	NO	16	diagnostic	gate trace
test.scoped	yes	15	fact	default: a principal did something to a model thing
demo.gates.recorded	yes	14	fact	default: a principal did something to a model thing
demo.test_surface.ready	yes	14	fact	default: a principal did something to a model thing
hooks.started	NO	14	fact	default: a principal did something to a model thing
hooks.terminating	NO	14	fact	default: a principal did something to a model thing
test.selection.domain	yes	14	fact	default: a principal did something to a model thing
testresult.unregistered	yes	14	fact	default: a principal did something to a model thing
card.accepted	yes	13	fact	default: a principal did something to a model thing
security.envelope.loaded	NO	13	diagnostic	per-request auth trace
skill.invoked	NO	13	fact	default: a principal did something to a model thing
test.gap.undeclared	yes	13	fact	default: a principal did something to a model thing
test.selection	yes	13	fact	default: a principal did something to a model thing
card.pulled	yes	12	fact	default: a principal did something to a model thing
testresult.unmatched	yes	12	fact	default: a principal did something to a model thing
model.deployed	yes	11	fact	default: a principal did something to a model thing
session.row.failed	NO	11	fact	default: a principal did something to a model thing
deploy.completed	yes	10	fact	default: a principal did something to a model thing
card.item.moved	yes	9	fact	default: a principal did something to a model thing
demo.gates.running	yes	8	fact	default: a principal did something to a model thing
demo.reviews.running	yes	8	fact	default: a principal did something to a model thing
env.up.completed	yes	8	fact	default: a principal did something to a model thing
env.up.started	yes	8	fact	default: a principal did something to a model thing
card.item.completed	yes	7	fact	default: a principal did something to a model thing
card.owner.notified	yes	7	fact	default: a principal did something to a model thing
card.pm.briefed	yes	7	fact	default: a principal did something to a model thing
deploy.verification.completed	yes	7	fact	default: a principal did something to a model thing
model.link	NO	7	fact	default: a principal did something to a model thing
pair.session.ended	yes	7	fact	default: a principal did something to a model thing
review.floor	yes	7	fact	default: a principal did something to a model thing
stated.intent.stall	NO	7	fact	default: a principal did something to a model thing
terminal.suppressed	NO	7	fact	default: a principal did something to a model thing
test.budget.blown	yes	7	fact	default: a principal did something to a model thing
card.branch.closed	yes	6	fact	default: a principal did something to a model thing
demo.go	yes	6	fact	default: a principal did something to a model thing
deploy.approved	yes	6	fact	default: a principal did something to a model thing
deploy.cdhash.diverged	yes	6	fact	default: a principal did something to a model thing
env.down.completed	yes	6	fact	default: a principal did something to a model thing
env.down.started	yes	6	fact	default: a principal did something to a model thing
merge.approved	yes	6	fact	default: a principal did something to a model thing
merge.landed	yes	6	fact	default: a principal did something to a model thing
model.delete-batch	NO	6	diagnostic	store-write audit
push.idempotent	yes	6	fact	default: a principal did something to a model thing
wip.drift	NO	6	fact	default: a principal did something to a model thing
athena.trigger.skipped	NO	5	fact	default: a principal did something to a model thing
card.blast_radius.zero_code	yes	5	fact	default: a principal did something to a model thing
card.item.created	yes	4	fact	default: a principal did something to a model thing
test.scope.refused	yes	4	fact	default: a principal did something to a model thing
board.audit.started	yes	3	fact	default: a principal did something to a model thing
clearing.probe.failed	NO	3	diagnostic	probe
emit.guard.refused	NO	3	fact	default: a principal did something to a model thing
mcp.tool.invoked	NO	3	fact	default: a principal did something to a model thing
session.bootstrap.regen_ok	NO	3	fact	default: a principal did something to a model thing
session.logout	NO	3	fact	default: a principal did something to a model thing
session.principles.injected	NO	3	fact	default: a principal did something to a model thing
session.registered	NO	3	fact	default: a principal did something to a model thing
session.role.started	yes	3	fact	default: a principal did something to a model thing
session.rows.injected	NO	3	fact	default: a principal did something to a model thing
athena.serve.ready	yes	2	fact	default: a principal did something to a model thing
binary.job.reloaded	NO	2	fact	default: a principal did something to a model thing
card.item.set	yes	2	fact	default: a principal did something to a model thing
card.item.updated	yes	2	fact	default: a principal did something to a model thing
card.wip_overlap.detected	yes	2	fact	default: a principal did something to a model thing
commit.failed	yes	2	fact	default: a principal did something to a model thing
nudge.deferred	NO	2	fact	default: a principal did something to a model thing
ops.health.checked	NO	2	diagnostic	health check
ops.review.completed	NO	2	fact	default: a principal did something to a model thing
role.blocked	NO	2	fact	default: a principal did something to a model thing
seed.reviewed	NO	2	fact	default: a principal did something to a model thing
session.conversation.recorded	NO	2	fact	default: a principal did something to a model thing
session.login	NO	2	fact	default: a principal did something to a model thing
session.run.ended	NO	2	fact	default: a principal did something to a model thing
session.run.exited	yes	2	fact	default: a principal did something to a model thing
session.run.recorded	NO	2	fact	default: a principal did something to a model thing
ac.ticked	yes	1	fact	default: a principal did something to a model thing
athena.deploy.failed	yes	1	fact	default: a principal did something to a model thing
athena.deploy.started	yes	1	fact	default: a principal did something to a model thing
athena.deployed	yes	1	fact	default: a principal did something to a model thing
athena.pipeline.completed	yes	1	fact	default: a principal did something to a model thing
athena.pipeline.started	yes	1	fact	default: a principal did something to a model thing
athena.seed.completed	yes	1	fact	default: a principal did something to a model thing
athena.serve.kickstarted	yes	1	fact	default: a principal did something to a model thing
athena.trigger.started	yes	1	fact	default: a principal did something to a model thing
build.failed	yes	1	fact	default: a principal did something to a model thing
card.blast_radius.generated	yes	1	fact	default: a principal did something to a model thing
card.quality.blocked	yes	1	fact	default: a principal did something to a model thing
daily.review.completed	NO	1	fact	default: a principal did something to a model thing
decision.gate.text_leak	NO	1	fact	default: a principal did something to a model thing
demo.refused	yes	1	fact	default: a principal did something to a model thing
deploy.cdhash.matched	yes	1	fact	default: a principal did something to a model thing
graph.validate.unmeasured	NO	1	fact	default: a principal did something to a model thing
guard.sparql.warned	yes	1	fact	default: a principal did something to a model thing
lance.maintain.completed	NO	1	fact	default: a principal did something to a model thing
model.deploy.shacl	yes	1	fact	default: a principal did something to a model thing
model.seed.unchanged	NO	1	fact	default: a principal did something to a model thing
nightly.graph.rows	NO	1	fact	default: a principal did something to a model thing
nightly.run.summary	yes	1	fact	default: a principal did something to a model thing
nightly.tests.no_result	NO	1	fact	default: a principal did something to a model thing
nudge.health.smoke_ok	NO	1	fact	default: a principal did something to a model thing
ops.backup.completed	NO	1	fact	default: a principal did something to a model thing
ops.backup.fuseki.completed	NO	1	fact	default: a principal did something to a model thing
ops.restore.drill	yes	1	fact	default: a principal did something to a model thing
pair.enforce.emitted	NO	1	fact	default: a principal did something to a model thing
pair.enforce.failed	NO	1	fact	default: a principal did something to a model thing
pair.session.started	yes	1	fact	default: a principal did something to a model thing
quality.review.completed	NO	1	fact	default: a principal did something to a model thing
seed.probe.passed	NO	1	diagnostic	probe
test.nightly.elapsed	yes	1	fact	default: a principal did something to a model thing
test.nightly.failed	NO	1	fact	default: a principal did something to a model thing
test.nightly.over_bar	yes	1	fact	default: a principal did something to a model thing
test.script.uncovered	yes	1	fact	default: a principal did something to a model thing
abort.refused	yes	0	fact	default: a principal did something to a model thing
accept.audit	yes	0	fact	default: a principal did something to a model thing
accept.completed	yes	0	fact	default: a principal did something to a model thing
accept.env_down	yes	0	fact	default: a principal did something to a model thing
accept.env_down.failed	yes	0	fact	default: a principal did something to a model thing
accept.started	yes	0	fact	default: a principal did something to a model thing
accept.teardown	yes	0	fact	default: a principal did something to a model thing
accept.teardown.failed	yes	0	fact	default: a principal did something to a model thing
app.service.restarted	yes	0	fact	default: a principal did something to a model thing
app.service.restartfailed	yes	0	fact	default: a principal did something to a model thing
app.service.rollbackfailed	yes	0	fact	default: a principal did something to a model thing
app.service.rolledback	yes	0	fact	default: a principal did something to a model thing
app.service.started	yes	0	fact	default: a principal did something to a model thing
app.service.startfailed	yes	0	fact	default: a principal did something to a model thing
app.service.stopped	yes	0	fact	default: a principal did something to a model thing
athena.deploy.completed	yes	0	fact	default: a principal did something to a model thing
athena.serve.refused	yes	0	fact	default: a principal did something to a model thing
batch.progress	yes	0	fact	default: a principal did something to a model thing
batch.progress.complete	yes	0	fact	default: a principal did something to a model thing
binary.install.refused	yes	0	fact	default: a principal did something to a model thing
board.audit.closed	yes	0	fact	default: a principal did something to a model thing
board.limit.set	yes	0	fact	default: a principal did something to a model thing
board.snapshot.taken	yes	0	fact	default: a principal did something to a model thing
brief.handoff.acknowledged	yes	0	fact	default: a principal did something to a model thing
brief.handoff.read	yes	0	fact	default: a principal did something to a model thing
brief.handoff.written	yes	0	fact	default: a principal did something to a model thing
brief.notify.sent	yes	0	fact	default: a principal did something to a model thing
build.commit.created	yes	0	fact	default: a principal did something to a model thing
build.commit.linked	yes	0	fact	default: a principal did something to a model thing
build.completed	yes	0	fact	default: a principal did something to a model thing
build.memory.written	yes	0	fact	default: a principal did something to a model thing
build.precommit.completed	yes	0	fact	default: a principal did something to a model thing
build.precommit.timed	yes	0	fact	default: a principal did something to a model thing
build.prepush.started	yes	0	fact	default: a principal did something to a model thing
build.prepush.timed	yes	0	fact	default: a principal did something to a model thing
build.push.completed	yes	0	fact	default: a principal did something to a model thing
build.queue.acquired	yes	0	fact	default: a principal did something to a model thing
build.queue.released	yes	0	fact	default: a principal did something to a model thing
build.queue.timedout	yes	0	fact	default: a principal did something to a model thing
build.queue.waiting	yes	0	fact	default: a principal did something to a model thing
build.refused	yes	0	fact	default: a principal did something to a model thing
build.scope.escaped	yes	0	fact	default: a principal did something to a model thing
build.scoped	yes	0	fact	default: a principal did something to a model thing
build.skipped	yes	0	fact	default: a principal did something to a model thing
build.started	yes	0	fact	default: a principal did something to a model thing
build.tsc.completed	yes	0	fact	default: a principal did something to a model thing
canonical.recovery.completed	yes	0	fact	default: a principal did something to a model thing
canonical.recovery.stashed	yes	0	fact	default: a principal did something to a model thing
canonical.sync.repaired	yes	0	fact	default: a principal did something to a model thing
card.authorization.guest_refused	yes	0	fact	default: a principal did something to a model thing
card.blast_radius.failed	yes	0	fact	default: a principal did something to a model thing
card.bulk.moved	yes	0	fact	default: a principal did something to a model thing
card.done	yes	0	fact	default: a principal did something to a model thing
card.item.blocked	yes	0	fact	default: a principal did something to a model thing
card.item.reassigned	yes	0	fact	default: a principal did something to a model thing
card.item.tagged	yes	0	fact	default: a principal did something to a model thing
card.item.unblocked	yes	0	fact	default: a principal did something to a model thing
card.quality.warned	yes	0	fact	default: a principal did something to a model thing
card.quick.created	yes	0	fact	default: a principal did something to a model thing
card.rejected	yes	0	fact	default: a principal did something to a model thing
card.sequence.bulk_tagged	yes	0	fact	default: a principal did something to a model thing
card.stale.detected	yes	0	fact	default: a principal did something to a model thing
card.swat.created	yes	0	fact	default: a principal did something to a model thing
card.unblocked	yes	0	fact	default: a principal did something to a model thing
card.unpulled	yes	0	fact	default: a principal did something to a model thing
card.wip	yes	0	fact	default: a principal did something to a model thing
cards.move.idempotent	yes	0	fact	default: a principal did something to a model thing
chat.session.ended	yes	0	fact	default: a principal did something to a model thing
chat.session.started	yes	0	fact	default: a principal did something to a model thing
codebase.graph.harvest.completed	yes	0	fact	default: a principal did something to a model thing
codebase.graph.harvest.started	yes	0	fact	default: a principal did something to a model thing
commit.conflict	yes	0	fact	default: a principal did something to a model thing
commit.idempotent	yes	0	fact	default: a principal did something to a model thing
commit.landed	yes	0	fact	default: a principal did something to a model thing
commit.refused	yes	0	fact	default: a principal did something to a model thing
consumer.rebuild.completed	yes	0	fact	default: a principal did something to a model thing
consumer.rebuild.started	yes	0	fact	default: a principal did something to a model thing
content.verified	yes	0	fact	default: a principal did something to a model thing
continue.failed	yes	0	fact	default: a principal did something to a model thing
continue.refused	yes	0	fact	default: a principal did something to a model thing
crawler.graph.failed	yes	0	fact	default: a principal did something to a model thing
crawler.graph.hydrated	yes	0	fact	default: a principal did something to a model thing
crawler.graph.orphan.detected	yes	0	fact	default: a principal did something to a model thing
decision.gate.jdi_override	yes	0	fact	default: a principal did something to a model thing
decision.record.created	yes	0	fact	default: a principal did something to a model thing
decision.refused	yes	0	fact	default: a principal did something to a model thing
demo.ac_status	yes	0	fact	default: a principal did something to a model thing
demo.bridge.failed	yes	0	fact	default: a principal did something to a model thing
demo.completed	yes	0	fact	default: a principal did something to a model thing
demo.decision_surface	yes	0	fact	default: a principal did something to a model thing
demo.gather.block	yes	0	fact	default: a principal did something to a model thing
demo.gather.send_failed	yes	0	fact	default: a principal did something to a model thing
demo.gather.sent	yes	0	fact	default: a principal did something to a model thing
demo.gather.timeout	yes	0	fact	default: a principal did something to a model thing
demo.gathers.surfaced	yes	0	fact	default: a principal did something to a model thing
demo.jeffgo.block	yes	0	fact	default: a principal did something to a model thing
demo.jeffgo.timeout	yes	0	fact	default: a principal did something to a model thing
demo.memory.cleared	yes	0	fact	default: a principal did something to a model thing
demo.memory.deferred	yes	0	fact	default: a principal did something to a model thing
demo.nudge.failed	yes	0	fact	default: a principal did something to a model thing
demo.preflight.passed	yes	0	fact	default: a principal did something to a model thing
demo.prework.standby	yes	0	fact	default: a principal did something to a model thing
demo.ready_for_review	yes	0	fact	default: a principal did something to a model thing
demo.signal.completed	yes	0	fact	default: a principal did something to a model thing
demo.started	yes	0	fact	default: a principal did something to a model thing
demo.test_ran	yes	0	fact	default: a principal did something to a model thing
deploy.allow_set_gate.passed	yes	0	fact	default: a principal did something to a model thing
deploy.allow_set_gate.refused	yes	0	fact	default: a principal did something to a model thing
deploy.artifact.verified	yes	0	fact	default: a principal did something to a model thing
deploy.cdhash.unverified	yes	0	fact	default: a principal did something to a model thing
deploy.dependent.added	yes	0	fact	default: a principal did something to a model thing
deploy.detach.warn	yes	0	fact	default: a principal did something to a model thing
deploy.detached	yes	0	fact	default: a principal did something to a model thing
deploy.failed	yes	0	fact	default: a principal did something to a model thing
deploy.freeze.activated	yes	0	fact	default: a principal did something to a model thing
deploy.freeze.deactivated	yes	0	fact	default: a principal did something to a model thing
deploy.health.checked	yes	0	fact	default: a principal did something to a model thing
deploy.phase.completed	yes	0	fact	default: a principal did something to a model thing
deploy.pipeline.completed	yes	0	fact	default: a principal did something to a model thing
deploy.pipeline.failed	yes	0	fact	default: a principal did something to a model thing
deploy.pipeline.started	yes	0	fact	default: a principal did something to a model thing
deploy.pipeline.succeeded	yes	0	fact	default: a principal did something to a model thing
deploy.refused	yes	0	fact	default: a principal did something to a model thing
deploy.rolled_back	yes	0	fact	default: a principal did something to a model thing
deploy.skipped	yes	0	fact	default: a principal did something to a model thing
deploy.stale	yes	0	fact	default: a principal did something to a model thing
deploy.started	yes	0	fact	default: a principal did something to a model thing
deploy.unverifiable	yes	0	fact	default: a principal did something to a model thing
deploy.verify.liveness	yes	0	fact	default: a principal did something to a model thing
deploy.verify.smoke	yes	0	fact	default: a principal did something to a model thing
design.refresh.failed	yes	0	fact	default: a principal did something to a model thing
design.refresh.started	yes	0	fact	default: a principal did something to a model thing
design.refreshed	yes	0	fact	default: a principal did something to a model thing
design.scaffold.inserted	yes	0	fact	default: a principal did something to a model thing
env.down.failed	yes	0	fact	default: a principal did something to a model thing
env.up.failed	yes	0	fact	default: a principal did something to a model thing
fetch.done	yes	0	fact	default: a principal did something to a model thing
fetch.warn	yes	0	fact	default: a principal did something to a model thing
gate.quality.tests.consulted	yes	0	fact	default: a principal did something to a model thing
gh.registered	yes	0	fact	default: a principal did something to a model thing
guard.classify.decided	yes	0	fact	default: a principal did something to a model thing
guard.scrub.blocked	yes	0	fact	default: a principal did something to a model thing
harvest.codebase.load.failed	yes	0	fact	default: a principal did something to a model thing
harvest.codebase.load.started	yes	0	fact	default: a principal did something to a model thing
harvest.notify.sent	yes	0	fact	default: a principal did something to a model thing
harvest.pipeline.completed	yes	0	fact	default: a principal did something to a model thing
harvest.pipeline.started	yes	0	fact	default: a principal did something to a model thing
hydration.partial.divergent	yes	0	fact	default: a principal did something to a model thing
interaction.jdi.received	yes	0	fact	default: a principal did something to a model thing
library.health.failed	yes	0	fact	default: a principal did something to a model thing
library.health.passed	yes	0	fact	default: a principal did something to a model thing
lock.acquired	yes	0	fact	default: a principal did something to a model thing
merge.already_landed	yes	0	fact	default: a principal did something to a model thing
merge.branch.push.failed	yes	0	fact	default: a principal did something to a model thing
merge.branch.pushed	yes	0	fact	default: a principal did something to a model thing
merge.completed	yes	0	fact	default: a principal did something to a model thing
merge.idempotent	yes	0	fact	default: a principal did something to a model thing
merge.pr.create	yes	0	fact	default: a principal did something to a model thing
merge.pr.resolve.retry	yes	0	fact	default: a principal did something to a model thing
merge.refused	yes	0	fact	default: a principal did something to a model thing
merge.stale_flag	yes	0	fact	default: a principal did something to a model thing
merge.started	yes	0	fact	default: a principal did something to a model thing
model.deploy.completed	yes	0	fact	default: a principal did something to a model thing
model.deploy.failed	yes	0	fact	default: a principal did something to a model thing
model.deploy.started	yes	0	fact	default: a principal did something to a model thing
model.deploy.unvalidated	yes	0	fact	default: a principal did something to a model thing
model.handoff.athena	yes	0	fact	default: a principal did something to a model thing
model.retirement.deferred	yes	0	fact	default: a principal did something to a model thing
model.seed.completed	yes	0	fact	default: a principal did something to a model thing
model.seed.post.refused	yes	0	fact	default: a principal did something to a model thing
model.seed.started	yes	0	fact	default: a principal did something to a model thing
model.serve.restart_failed	yes	0	fact	default: a principal did something to a model thing
model.serve.restarted	yes	0	fact	default: a principal did something to a model thing
ops.alert.fired	yes	0	fact	default: a principal did something to a model thing
ops.alert.resolved	yes	0	fact	default: a principal did something to a model thing
ops.audit.checked	yes	0	fact	default: a principal did something to a model thing
ops.container.changed	yes	0	fact	default: a principal did something to a model thing
ops.cost.reported	yes	0	fact	default: a principal did something to a model thing
ops.defect.detected	yes	0	fact	default: a principal did something to a model thing
ops.disk.checked	yes	0	fact	default: a principal did something to a model thing
ops.system.started	yes	0	fact	default: a principal did something to a model thing
ops.system.stopped	yes	0	fact	default: a principal did something to a model thing
pair.roles.swapped	yes	0	fact	default: a principal did something to a model thing
process.scratch.killed	yes	0	fact	default: a principal did something to a model thing
protocol.boot.completed	yes	0	fact	default: a principal did something to a model thing
protocol.boot.started	yes	0	fact	default: a principal did something to a model thing
protocol.close.completed	yes	0	fact	default: a principal did something to a model thing
protocol.close.started	yes	0	fact	default: a principal did something to a model thing
protocol.step.completed	yes	0	fact	default: a principal did something to a model thing
pull.completed	yes	0	fact	default: a principal did something to a model thing
pull.idempotent	yes	0	fact	default: a principal did something to a model thing
pull.refused	yes	0	fact	default: a principal did something to a model thing
pull.rolledback	yes	0	fact	default: a principal did something to a model thing
pull.started	yes	0	fact	default: a principal did something to a model thing
push.failed	yes	0	fact	default: a principal did something to a model thing
push.refused	yes	0	fact	default: a principal did something to a model thing
push.rolledback	yes	0	fact	default: a principal did something to a model thing
rebase.aborted	yes	0	fact	default: a principal did something to a model thing
rebase.conflict.autoresolved	yes	0	fact	default: a principal did something to a model thing
rebase.conflict.held	yes	0	fact	default: a principal did something to a model thing
rebase.done	yes	0	fact	default: a principal did something to a model thing
rebase.resolved	yes	0	fact	default: a principal did something to a model thing
rebase.started	yes	0	fact	default: a principal did something to a model thing
review.refused	yes	0	fact	default: a principal did something to a model thing
review.verdict	yes	0	fact	default: a principal did something to a model thing
role.nudge.consumed	yes	0	fact	default: a principal did something to a model thing
role.nudge.delivered	yes	0	fact	default: a principal did something to a model thing
role.nudge.sent	yes	0	fact	default: a principal did something to a model thing
search.hierarchy.code_lookup	yes	0	fact	default: a principal did something to a model thing
search.hierarchy.enrichment	yes	0	fact	default: a principal did something to a model thing
seed.brief.written	yes	0	fact	default: a principal did something to a model thing
seed.captured	yes	0	fact	default: a principal did something to a model thing
seed.dropped	yes	0	fact	default: a principal did something to a model thing
seed.hashtag.correlated	yes	0	fact	default: a principal did something to a model thing
seed.received	yes	0	fact	default: a principal did something to a model thing
seed.recovered	yes	0	fact	default: a principal did something to a model thing
seed.routed	yes	0	fact	default: a principal did something to a model thing
self.biometric.transposition_rate	yes	0	fact	default: a principal did something to a model thing
service.deploy.completed	yes	0	fact	default: a principal did something to a model thing
service.deploy.failed	yes	0	fact	default: a principal did something to a model thing
service.deploy.started	yes	0	fact	default: a principal did something to a model thing
service.rollback.completed	yes	0	fact	default: a principal did something to a model thing
service.rollback.failed	yes	0	fact	default: a principal did something to a model thing
service.rollback.started	yes	0	fact	default: a principal did something to a model thing
session.context.compacted	yes	0	fact	default: a principal did something to a model thing
session.docscan.completed	yes	0	fact	default: a principal did something to a model thing
session.resumed	yes	0	fact	default: a principal did something to a model thing
session.revoked	yes	0	fact	default: a principal did something to a model thing
session.role.ended	yes	0	fact	default: a principal did something to a model thing
session.tool.used	yes	0	fact	default: a principal did something to a model thing
session.turn.completed	yes	0	fact	default: a principal did something to a model thing
sharedlib.built	yes	0	fact	default: a principal did something to a model thing
sharedlib.cascade.skipped	yes	0	fact	default: a principal did something to a model thing
sharedlib.consumers.discovered	yes	0	fact	default: a principal did something to a model thing
sharedlib.consumers.none	yes	0	fact	default: a principal did something to a model thing
signal.go	yes	0	fact	default: a principal did something to a model thing
signal.refused	yes	0	fact	default: a principal did something to a model thing
signal.started	yes	0	fact	default: a principal did something to a model thing
slot.refresh_failed	yes	0	fact	default: a principal did something to a model thing
slot.refreshed	yes	0	fact	default: a principal did something to a model thing
slot.retired_stale	yes	0	fact	default: a principal did something to a model thing
teardown.generated.discarded	yes	0	fact	default: a principal did something to a model thing
test.build.failed	yes	0	fact	default: a principal did something to a model thing
test.delta	yes	0	fact	default: a principal did something to a model thing
test.failed	yes	0	fact	default: a principal did something to a model thing
test.integration.skipped	yes	0	fact	default: a principal did something to a model thing
test.integration.unmeasurable	yes	0	fact	default: a principal did something to a model thing
test.nightly.refused	yes	0	fact	default: a principal did something to a model thing
test.plan.degraded	yes	0	fact	default: a principal did something to a model thing
test.scope.full	yes	0	fact	default: a principal did something to a model thing
test.unmeasured	yes	0	fact	default: a principal did something to a model thing
test.case.failed	yes	0	fact	default: a principal did something to a model thing
test.case.passed	yes	0	fact	default: a principal did something to a model thing
test.case.started	yes	0	fact	default: a principal did something to a model thing
test.unit.started	yes	0	fact	default: a principal did something to a model thing
test.fixture.started	yes	0	fact	default: a principal did something to a model thing
test.fixture.ready	yes	0	fact	default: a principal did something to a model thing
test.fixture.failed	yes	0	fact	default: a principal did something to a model thing
test.fixture.stopped	yes	0	fact	default: a principal did something to a model thing
test.case.skipped	yes	0	fact	default: a principal did something to a model thing
testresult.lost	yes	0	fact	default: a principal did something to a model thing
testresult.post.skipped	yes	0	fact	default: a principal did something to a model thing
testresult.writeback.withheld	yes	0	fact	default: a principal did something to a model thing
tests.reconcile	yes	0	fact	default: a principal did something to a model thing
testsuiterun.post.skipped	yes	0	fact	default: a principal did something to a model thing
unit.build.completed	yes	0	fact	default: a principal did something to a model thing
unit.build.started	yes	0	fact	default: a principal did something to a model thing
unpull.completed	yes	0	fact	default: a principal did something to a model thing
unpull.refused	yes	0	fact	default: a principal did something to a model thing
unpull.started	yes	0	fact	default: a principal did something to a model thing
werk-code.contract	yes	0	fact	default: a principal did something to a model thing
werk.abandoned	yes	0	fact	default: a principal did something to a model thing
werk.failed	yes	0	fact	default: a principal did something to a model thing
werk.held	yes	0	fact	default: a principal did something to a model thing
werk.landed	yes	0	fact	default: a principal did something to a model thing
werk.leg.carried	yes	0	fact	default: a principal did something to a model thing
werk.presented	yes	0	fact	default: a principal did something to a model thing
werk.remove.idempotent	yes	0	fact	default: a principal did something to a model thing
werk.remove.orphan_propagated	yes	0	fact	default: a principal did something to a model thing
werk.started	yes	0	fact	default: a principal did something to a model thing
werk.sweep.completed	yes	0	fact	default: a principal did something to a model thing
workflow.manifest.completed	yes	0	fact	default: a principal did something to a model thing
workflow.manifest.created	yes	0	fact	default: a principal did something to a model thing
workflow.step.completed	yes	0	fact	default: a principal did something to a model thing
worktree.added	yes	0	fact	default: a principal did something to a model thing
